{
    "products": [
        {
            "name": "Kit Barbeiro Profissional Obopekal",
            "price": "110.00",
            "options": [
                {
                    "Cores": "Dourado,Prata"
                }
            ],
            "image": "./assets/img/img1.jpg",
            "description": "01 - Tesoura Fio Navalha 6.0 Obopekal 01 - Tesoura Desfiadeira 6.0 Obopekal01 - Navalha De Corte Aço Inox. 01 - Pente De Corte 01 - Estojo em Courino."
        },
        {
            "name": "Kit Com 3 Shampoos Lumber Jack",
            "price": "67.90",
            "options": [
               
            ],
            "image": "./assets/img/img2.jpg",
            "description": "Shampoo barba e cabelo 360ml"
        },
        {
            "name": "Kit hidratação para barba Lumber Jack",
            "price": "179.90",
            "options": [
                
            ],
            "image": "./assets/img/img3.jpg",
            "description": "Kit Barber shop CompletoGel de barbear 200g, 2 pomadas modeladoras, 1 shampoo e 1 óleo"
        },
        {
            "name": "Cortador de Cabelos Hair Stylo Modial",
            "price": "279.90",
            "options": [
                {
                    "Voltage":"110v,220v"
                }
            ],
            "image": "./assets/img/img4.jpg",
            "description": "1 cortador + 1 Escova para Limpeza + 1 Óleo Lubrificante + 1 Tesoura para Acabamento + 4 Pentes de Altura de Corte + 1 Pente + 1 Manual de Instruções e Assistencia Tecnica"
        },
        {
            "name": "Maquina de Corte Unissex Profissional",
            "price": "132.16",
            "options": [
                {
                    "Voltage":"110v,220v"
                }
            ],
            "image": "./assets/img/img5.jpg",
            "description": "1 Maquina de corte + 4 pentes de alturas diferentes + 1 escovinha para limpeza + 1 tesoura + 1 óleo"
        }
    ]
}
